dct1,dct2,dct3,dct4,dct5,dct6,dct7,dct8,dct9,dct10,dct11,dct12
8.89012929304771,-15.615295009823978,15.139168144806863,-7.038287652354775,-4.64595197701895,15.13695519265734,-22.76072911830116,29.302871877393414,-36.55875998337672,42.484337899306574,-41.05713981059904,26.73861871207488
8.89012929304771,-7.807647504911989,5.046389381602288,-1.7595719130886938,-0.92919039540379,2.52282586544289,-3.25153273118588,3.662858984674177,-4.062084442597413,4.248433789930657,-3.732467255509004,2.22821822600624
8.89012929304771,-15.615295009823978,15.139168144806863,-7.038287652354775,-4.64595197701895,15.13695519265734,-22.76072911830116,29.302871877393414,-36.55875998337672,42.484337899306574,-41.05713981059904,26.73861871207488
8.89012929304771,-15.615295009823978,15.139168144806863,-7.0382876523547395,-4.64595197701895,15.13695519265734,-22.760729118301263,29.302871877393414,-36.55875998337672,42.484337899306446,-41.05713981059904,26.738618712074683